Workbook

Sheet README
A1: Inventory Analysis Workbook
A3: Purpose | B3: This workbook is a Business Systems Analyst-style Excel proof package. It uses realistic sample inventory data to demonstrate data cleanup, calculated fields, KPI reporting, summary tables, and dashboard reporting.
A4: Business Problem | B4: Leadership needs visibility into inventory value, low-stock risk, overstock risk, aging inventory, and warehouse/category distribution.
A5: Tools / Skills Demonstrated | B5: Excel Tables, formulas, SUMIFS, COUNTIFS, XLOOKUP-style logic, data validation, conditional formatting, dashboard layout, audit-style documentation.
A6: How to Use | B6: Review Raw_Data, then Clean_Data, then Dashboard. The Dashboard summarizes key risks and business findings from the data.
A7: Portfolio Note | B7: All data is fake but realistic. This workbook is safe for GitHub and can be used in the 01-excel folder of the Business Systems Analyst Portfolio.

Sheet Raw_Data
A1: Item_ID | B1: Item_Name | C1: Category | D1: Warehouse | E1: Quantity_On_Hand | F1: Reorder_Point | G1: Max_Stock_Level | H1: Unit_Cost | I1: Supplier | J1: Last_Receipt_Date | K1: Lead_Time_Days
A2: PK-1001 | B2: Shipping Foam A | C2: Packaging | D2: Dallas | E2: 411 | F2: 75 | G2: 375 | H2: 700.31 | I2: Lone Star Industrial | J2: 46051 | K2: 21
A3: EL-1002 | B3: Circuit Breaker A | C3: Electrical | D3: Dallas | E3: 22 | F3: 20 | G3: 80 | H3: 534.28 | I3: Precision Pack & Ship | J3: 46146 | K3: 21
A4: AV-1003 | B4: Control Relay C | C4: Avionics | D4: Dallas | E4: 275 | F4: 100 | G4: 400 | H4: 265.78 | I4: Vector Components | J4: 46116 | K4: 7
A5: EL-1004 | B5: Wire Harness D | C5: Electrical | D5: Dallas | E5: 31 | F5: 25 | G5: 125 | H5: 693.92 | I5: Lone Star Industrial | J5: 46106 | K5: 7
A6: AV-1005 | B6: Sensor Module C | C6: Avionics | D6: San Antonio | E6: 461 | F6: 100 | G6: 500 | H6: 68.4 | I6: Vector Components | J6: 46128 | K6: 7
A7: TL-1006 | B7: Inspection Gauge B | C7: Tools | D7: Dallas | E7: 137 | F7: 30 | G7: 150 | H7: 348.18 | I7: Skyway Parts LLC | J7: 46112 | K7: 10
A8: PK-1007 | B8: Shipping Foam C | C8: Packaging | D8: Dallas | E8: 113 | F8: 50 | G8: 200 | H8: 157.32 | I8: Precision Pack & Ship | J8: 46133 | K8: 45
A9: PK-1008 | B9: Crate Insert XL | C9: Packaging | D9: Fort Worth | E9: 104 | F9: 75 | G9: 375 | H9: 219.52 | I9: AeroFast Supply Co. | J9: 46122 | K9: 21
A10: HW-1009 | B10: Titanium Bolt A | C10: Hardware | D10: Fort Worth | E10: 378 | F10: 50 | G10: 250 | H10: 377.36 | I10: DFW Tooling Supply | J10: 46166 | K10: 14
A11: HY-1010 | B11: Hydraulic Fitting B | C11: Hydraulic | D11: San Antonio | E11: 160 | F11: 50 | G11: 250 | H11: 853.19 | I11: Precision Pack & Ship | J11: 46110 | K11: 10
A12: HY-1011 | B12: Hydraulic Fitting XL | C12: Hydraulic | D12: Houston | E12: 15 | F12: 10 | G12: 30 | H12: 597.01 | I12: Precision Pack & Ship | J12: 46050 | K12: 7
A13: CH-1012 | B13: Solvent Cleaner D | C13: Chemical | D13: San Antonio | E13: 141 | F13: 30 | G13: 150 | H13: 895.45 | I13: Lone Star Industrial | J13: 46028 | K13: 30
... A81: AV-1080 | B81: Control Relay D | C81: Avionics | D81: Austin | E81: 50 | F81: 10 | G81: 40 | H81: 668.58 | I81: DFW Tooling Supply | J81: 46184 | K81: 45

Sheet Clean_Data
A1: Item_ID | B1: Item_Name | C1: Category | D1: Warehouse | E1: Quantity_On_Hand | F1: Reorder_Point | G1: Max_Stock_Level | H1: Unit_Cost | I1: Supplier | J1: Last_Receipt_Date | K1: Lead_Time_Days | L1: Inventory_Value | M1: Reorder_Status | N1: Overstock_Status | O1: Days_Since_Receipt | P1: Aging_Bucket | Q1: Risk_Flag
A2: =Raw_Data!A2 -> PK-1001 | B2: =Raw_Data!B2 -> Shipping Foam A | C2: =Raw_Data!C2 -> Packaging | D2: =Raw_Data!D2 -> Dallas | E2: =Raw_Data!E2 -> 411 | F2: =Raw_Data!F2 -> 75 | G2: =Raw_Data!G2 -> 375 | H2: =Raw_Data!H2 -> 700.31 | ... K2: =Raw_Data!K2 -> 21 | L2: =E2*H2 -> 287827.41 | M2: =IF(E2<=F2,"Reorder Needed","OK") -> OK | N2: =IF(E2>G2,"Overstock","OK") -> Overstock | O2: =TODAY()-J2 -> 153 | P2: =IF(O2<=30,"0-30 days",IF(O2<=60,"31-60 days",IF(O2<=90,"61-90 days","90+ days"))) -> 90+ days | Q2: =IF(M2="Reorder Needed","Low Stock",IF(N2="Overstock","Overstock",IF(P2="90+ days","Aging Risk","OK"))) -> Overstock
A3: =Raw_Data!A3 -> EL-1002 | B3: =Raw_Data!B3 -> Circuit Breaker A | C3: =Raw_Data!C3 -> Electrical | D3: =Raw_Data!D3 -> Dallas | E3: =Raw_Data!E3 -> 22 | F3: =Raw_Data!F3 -> 20 | G3: =Raw_Data!G3 -> 80 | H3: =Raw_Data!H3 -> 534.28 | ... K3: =Raw_Data!K3 -> 21 | L3: =E3*H3 -> 11754.16 | M3: =IF(E3<=F3,"Reorder Needed","OK") -> OK | N3: =IF(E3>G3,"Overstock","OK") -> OK | O3: =TODAY()-J3 -> 58 | P3: =IF(O3<=30,"0-30 days",IF(O3<=60,"31-60 days",IF(O3<=90,"61-90 days","90+ days"))) -> 31-60 days | Q3: =IF(M3="Reorder Needed","Low Stock",IF(N3="Overstock","Overstock",IF(P3="90+ days","Aging Risk","OK"))) -> OK
A4: =Raw_Data!A4 -> AV-1003 | B4: =Raw_Data!B4 -> Control Relay C | C4: =Raw_Data!C4 -> Avionics | D4: =Raw_Data!D4 -> Dallas | E4: =Raw_Data!E4 -> 275 | F4: =Raw_Data!F4 -> 100 | G4: =Raw_Data!G4 -> 400 | H4: =Raw_Data!H4 -> 265.78 | ... K4: =Raw_Data!K4 -> 7 | L4: =E4*H4 -> 73089.5 | M4: =IF(E4<=F4,"Reorder Needed","OK") -> OK | N4: =IF(E4>G4,"Overstock","OK") -> OK | O4: =TODAY()-J4 -> 88 | P4: =IF(O4<=30,"0-30 days",IF(O4<=60,"31-60 days",IF(O4<=90,"61-90 days","90+ days"))) -> 61-90 days | Q4: =IF(M4="Reorder Needed","Low Stock",IF(N4="Overstock","Overstock",IF(P4="90+ days","Aging Risk","OK"))) -> OK
A5: =Raw_Data!A5 -> EL-1004 | B5: =Raw_Data!B5 -> Wire Harness D | C5: =Raw_Data!C5 -> Electrical | D5: =Raw_Data!D5 -> Dallas | E5: =Raw_Data!E5 -> 31 | F5: =Raw_Data!F5 -> 25 | G5: =Raw_Data!G5 -> 125 | H5: =Raw_Data!H5 -> 693.92 | ... K5: =Raw_Data!K5 -> 7 | L5: =E5*H5 -> 21511.52 | M5: =IF(E5<=F5,"Reorder Needed","OK") -> OK | N5: =IF(E5>G5,"Overstock","OK") -> OK | O5: =TODAY()-J5 -> 98 | P5: =IF(O5<=30,"0-30 days",IF(O5<=60,"31-60 days",IF(O5<=90,"61-90 days","90+ days"))) -> 90+ days | Q5: =IF(M5="Reorder Needed","Low Stock",IF(N5="Overstock","Overstock",IF(P5="90+ days","Aging Risk","OK"))) -> Aging Risk
A6: =Raw_Data!A6 -> AV-1005 | B6: =Raw_Data!B6 -> Sensor Module C | C6: =Raw_Data!C6 -> Avionics | D6: =Raw_Data!D6 -> San Antonio | E6: =Raw_Data!E6 -> 461 | F6: =Raw_Data!F6 -> 100 | G6: =Raw_Data!G6 -> 500 | H6: =Raw_Data!H6 -> 68.4 | ... K6: =Raw_Data!K6 -> 7 | L6: =E6*H6 -> 31532.4 | M6: =IF(E6<=F6,"Reorder Needed","OK") -> OK | N6: =IF(E6>G6,"Overstock","OK") -> OK | O6: =TODAY()-J6 -> 76 | P6: =IF(O6<=30,"0-30 days",IF(O6<=60,"31-60 days",IF(O6<=90,"61-90 days","90+ days"))) -> 61-90 days | Q6: =IF(M6="Reorder Needed","Low Stock",IF(N6="Overstock","Overstock",IF(P6="90+ days","Aging Risk","OK"))) -> OK
A7: =Raw_Data!A7 -> TL-1006 | B7: =Raw_Data!B7 -> Inspection Gauge B | C7: =Raw_Data!C7 -> Tools | D7: =Raw_Data!D7 -> Dallas | E7: =Raw_Data!E7 -> 137 | F7: =Raw_Data!F7 -> 30 | G7: =Raw_Data!G7 -> 150 | H7: =Raw_Data!H7 -> 348.18 | ... K7: =Raw_Data!K7 -> 10 | L7: =E7*H7 -> 47700.66 | M7: =IF(E7<=F7,"Reorder Needed","OK") -> OK | N7: =IF(E7>G7,"Overstock","OK") -> OK | O7: =TODAY()-J7 -> 92 | P7: =IF(O7<=30,"0-30 days",IF(O7<=60,"31-60 days",IF(O7<=90,"61-90 days","90+ days"))) -> 90+ days | Q7: =IF(M7="Reorder Needed","Low Stock",IF(N7="Overstock","Overstock",IF(P7="90+ days","Aging Risk","OK"))) -> Aging Risk
A8: =Raw_Data!A8 -> PK-1007 | B8: =Raw_Data!B8 -> Shipping Foam C | C8: =Raw_Data!C8 -> Packaging | D8: =Raw_Data!D8 -> Dallas | E8: =Raw_Data!E8 -> 113 | F8: =Raw_Data!F8 -> 50 | G8: =Raw_Data!G8 -> 200 | H8: =Raw_Data!H8 -> 157.32 | ... K8: =Raw_Data!K8 -> 45 | L8: =E8*H8 -> 17777.16 | M8: =IF(E8<=F8,"Reorder Needed","OK") -> OK | N8: =IF(E8>G8,"Overstock","OK") -> OK | O8: =TODAY()-J8 -> 71 | P8: =IF(O8<=30,"0-30 days",IF(O8<=60,"31-60 days",IF(O8<=90,"61-90 days","90+ days"))) -> 61-90 days | Q8: =IF(M8="Reorder Needed","Low Stock",IF(N8="Overstock","Overstock",IF(P8="90+ days","Aging Risk","OK"))) -> OK
A9: =Raw_Data!A9 -> PK-1008 | B9: =Raw_Data!B9 -> Crate Insert XL | C9: =Raw_Data!C9 -> Packaging | D9: =Raw_Data!D9 -> Fort Worth | E9: =Raw_Data!E9 -> 104 | F9: =Raw_Data!F9 -> 75 | G9: =Raw_Data!G9 -> 375 | H9: =Raw_Data!H9 -> 219.52 | ... K9: =Raw_Data!K9 -> 21 | L9: =E9*H9 -> 22830.08 | M9: =IF(E9<=F9,"Reorder Needed","OK") -> OK | N9: =IF(E9>G9,"Overstock","OK") -> OK | O9: =TODAY()-J9 -> 82 | P9: =IF(O9<=30,"0-30 days",IF(O9<=60,"31-60 days",IF(O9<=90,"61-90 days","90+ days"))) -> 61-90 days | Q9: =IF(M9="Reorder Needed","Low Stock",IF(N9="Overstock","Overstock",IF(P9="90+ days","Aging Risk","OK"))) -> OK
A10: =Raw_Data!A10 -> HW-1009 | B10: =Raw_Data!B10 -> Titanium Bolt A | C10: =Raw_Data!C10 -> Hardware | D10: =Raw_Data!D10 -> Fort Worth | E10: =Raw_Data!E10 -> 378 | F10: =Raw_Data!F10 -> 50 | G10: =Raw_Data!G10 -> 250 | H10: =Raw_Data!H10 -> 377.36 | ... K10: =Raw_Data!K10 -> 14 | L10: =E10*H10 -> 142642.08 | M10: =IF(E10<=F10,"Reorder Needed","OK") -> OK | N10: =IF(E10>G10,"Overstock","OK") -> Overstock | O10: =TODAY()-J10 -> 38 | P10: =IF(O10<=30,"0-30 days",IF(O10<=60,"31-60 days",IF(O10<=90,"61-90 days","90+ days"))) -> 31-60 days | Q10: =IF(M10="Reorder Needed","Low Stock",IF(N10="Overstock","Overstock",IF(P10="90+ days","Aging Risk","OK"))) -> Overstock
A11: =Raw_Data!A11 -> HY-1010 | B11: =Raw_Data!B11 -> Hydraulic Fitting B | C11: =Raw_Data!C11 -> Hydraulic | D11: =Raw_Data!D11 -> San Antonio | E11: =Raw_Data!E11 -> 160 | F11: =Raw_Data!F11 -> 50 | G11: =Raw_Data!G11 -> 250 | H11: =Raw_Data!H11 -> 853.19 | ... K11: =Raw_Data!K11 -> 10 | L11: =E11*H11 -> 136510.4 | M11: =IF(E11<=F11,"Reorder Needed","OK") -> OK | N11: =IF(E11>G11,"Overstock","OK") -> OK | O11: =TODAY()-J11 -> 94 | P11: =IF(O11<=30,"0-30 days",IF(O11<=60,"31-60 days",IF(O11<=90,"61-90 days","90+ days"))) -> 90+ days | Q11: =IF(M11="Reorder Needed","Low Stock",IF(N11="Overstock","Overstock",IF(P11="90+ days","Aging Risk","OK"))) -> Aging Risk
A12: =Raw_Data!A12 -> HY-1011 | B12: =Raw_Data!B12 -> Hydraulic Fitting XL | C12: =Raw_Data!C12 -> Hydraulic | D12: =Raw_Data!D12 -> Houston | E12: =Raw_Data!E12 -> 15 | F12: =Raw_Data!F12 -> 10 | G12: =Raw_Data!G12 -> 30 | H12: =Raw_Data!H12 -> 597.01 | ... K12: =Raw_Data!K12 -> 7 | L12: =E12*H12 -> 8955.15 | M12: =IF(E12<=F12,"Reorder Needed","OK") -> OK | N12: =IF(E12>G12,"Overstock","OK") -> OK | O12: =TODAY()-J12 -> 154 | P12: =IF(O12<=30,"0-30 days",IF(O12<=60,"31-60 days",IF(O12<=90,"61-90 days","90+ days"))) -> 90+ days | Q12: =IF(M12="Reorder Needed","Low Stock",IF(N12="Overstock","Overstock",IF(P12="90+ days","Aging Risk","OK"))) -> Aging Risk
A13: =Raw_Data!A13 -> CH-1012 | B13: =Raw_Data!B13 -> Solvent Cleaner D | C13: =Raw_Data!C13 -> Chemical | D13: =Raw_Data!D13 -> San Antonio | E13: =Raw_Data!E13 -> 141 | F13: =Raw_Data!F13 -> 30 | G13: =Raw_Data!G13 -> 150 | H13: =Raw_Data!H13 -> 895.45 | ... K13: =Raw_Data!K13 -> 30 | L13: =E13*H13 -> 126258.45 | M13: =IF(E13<=F13,"Reorder Needed","OK") -> OK | N13: =IF(E13>G13,"Overstock","OK") -> OK | O13: =TODAY()-J13 -> 176 | P13: =IF(O13<=30,"0-30 days",IF(O13<=60,"31-60 days",IF(O13<=90,"61-90 days","90+ days"))) -> 90+ days | Q13: =IF(M13="Reorder Needed","Low Stock",IF(N13="Overstock","Overstock",IF(P13="90+ days","Aging Risk","OK"))) -> Aging Risk
... A81: =Raw_Data!A81 -> AV-1080 | B81: =Raw_Data!B81 -> Control Relay D | C81: =Raw_Data!C81 -> Avionics | D81: =Raw_Data!D81 -> Austin | E81: =Raw_Data!E81 -> 50 | F81: =Raw_Data!F81 -> 10 | G81: =Raw_Data!G81 -> 40 | H81: =Raw_Data!H81 -> 668.58 | ... K81: =Raw_Data!K81 -> 45 | L81: =E81*H81 -> 33429 | M81: =IF(E81<=F81,"Reorder Needed","OK") -> OK | N81: =IF(E81>G81,"Overstock","OK") -> Overstock | O81: =TODAY()-J81 -> 20 | P81: =IF(O81<=30,"0-30 days",IF(O81<=60,"31-60 days",IF(O81<=90,"61-90 days","90+ days"))) -> 0-30 days | Q81: =IF(M81="Reorder Needed","Low Stock",IF(N81="Overstock","Overstock",IF(P81="90+ days","Aging Risk","OK"))) -> Overstock

Sheet Dashboard
A1: Inventory Analysis Dashboard
A3: KPI | B3: Value | G3: Category | H3: Inventory Value | I3: SKU Count | J3: Low Stock | K3: Overstock
A4: Total Inventory Value | B4: =SUM(Clean_Data!L2:L81) -> 5003362.6 | G4: Electrical | H4: =SUMIF(Clean_Data!C:C,G4,Clean_Data!L:L) -> 200115.93 | I4: =COUNTIF(Clean_Data!C:C,G4) -> 7 | J4: =COUNTIFS(Clean_Data!C:C,G4,Clean_Data!M:M,"Reorder Needed") -> 2 | K4: =COUNTIFS(Clean_Data!C:C,G4,Clean_Data!N:N,"Overstock") -> 0
A5: Total SKUs | B5: =COUNTA(Clean_Data!A2:A81) -> 80 | G5: Hydraulic | H5: =SUMIF(Clean_Data!C:C,G5,Clean_Data!L:L) -> 967886.85 | I5: =COUNTIF(Clean_Data!C:C,G5) -> 19 | J5: =COUNTIFS(Clean_Data!C:C,G5,Clean_Data!M:M,"Reorder Needed") -> 3 | K5: =COUNTIFS(Clean_Data!C:C,G5,Clean_Data!N:N,"Overstock") -> 4
A6: Low-Stock Items | B6: =COUNTIF(Clean_Data!M2:M81,"Reorder Needed") -> 13 | G6: Hardware | H6: =SUMIF(Clean_Data!C:C,G6,Clean_Data!L:L) -> 928821.31 | I6: =COUNTIF(Clean_Data!C:C,G6) -> 13 | J6: =COUNTIFS(Clean_Data!C:C,G6,Clean_Data!M:M,"Reorder Needed") -> 1 | K6: =COUNTIFS(Clean_Data!C:C,G6,Clean_Data!N:N,"Overstock") -> 2
A7: Overstock Items | B7: =COUNTIF(Clean_Data!N2:N81,"Overstock") -> 11 | G7: Chemical | H7: =SUMIF(Clean_Data!C:C,G7,Clean_Data!L:L) -> 1160201.8 | I7: =COUNTIF(Clean_Data!C:C,G7) -> 9 | J7: =COUNTIFS(Clean_Data!C:C,G7,Clean_Data!M:M,"Reorder Needed") -> 2 | K7: =COUNTIFS(Clean_Data!C:C,G7,Clean_Data!N:N,"Overstock") -> 2
A8: Aging Risk Items (90+ days) | B8: =COUNTIF(Clean_Data!P2:P81,"90+ days") -> 42 | G8: Avionics | H8: =SUMIF(Clean_Data!C:C,G8,Clean_Data!L:L) -> 653772.17 | I8: =COUNTIF(Clean_Data!C:C,G8) -> 10 | J8: =COUNTIFS(Clean_Data!C:C,G8,Clean_Data!M:M,"Reorder Needed") -> 2 | K8: =COUNTIFS(Clean_Data!C:C,G8,Clean_Data!N:N,"Overstock") -> 2
A9: Average Lead Time | B9: =AVERAGE(Clean_Data!K2:K81) -> 26.375 | G9: Packaging | H9: =SUMIF(Clean_Data!C:C,G9,Clean_Data!L:L) -> 652612 | I9: =COUNTIF(Clean_Data!C:C,G9) -> 15 | J9: =COUNTIFS(Clean_Data!C:C,G9,Clean_Data!M:M,"Reorder Needed") -> 2 | K9: =COUNTIFS(Clean_Data!C:C,G9,Clean_Data!N:N,"Overstock") -> 1
G10: Tools | H10: =SUMIF(Clean_Data!C:C,G10,Clean_Data!L:L) -> 439952.55 | I10: =COUNTIF(Clean_Data!C:C,G10) -> 7 | J10: =COUNTIFS(Clean_Data!C:C,G10,Clean_Data!M:M,"Reorder Needed") -> 1 | K10: =COUNTIFS(Clean_Data!C:C,G10,Clean_Data!N:N,"Overstock") -> 0
A12: Warehouse | B12: Inventory Value | C12: SKU Count | D12: Low Stock | E12: Overstock
A13: Dallas | B13: =SUMIF(Clean_Data!D:D,A13,Clean_Data!L:L) -> 1300802.4 | C13: =COUNTIF(Clean_Data!D:D,A13) -> 25 | D13: =COUNTIFS(Clean_Data!D:D,A13,Clean_Data!M:M,"Reorder Needed") -> 5 | E13: =COUNTIFS(Clean_Data!D:D,A13,Clean_Data!N:N,"Overstock") -> 3 | G13: Findings / Interview Talking Points
A14: Fort Worth | B14: =SUMIF(Clean_Data!D:D,A14,Clean_Data!L:L) -> 659405.98 | C14: =COUNTIF(Clean_Data!D:D,A14) -> 17 | D14: =COUNTIFS(Clean_Data!D:D,A14,Clean_Data!M:M,"Reorder Needed") -> 3 | E14: =COUNTIFS(Clean_Data!D:D,A14,Clean_Data!N:N,"Overstock") -> 2 | G14: 1 | H14: Identify which warehouse carries the highest inventory value.
A15: Austin | B15: =SUMIF(Clean_Data!D:D,A15,Clean_Data!L:L) -> 1112833.3 | C15: =COUNTIF(Clean_Data!D:D,A15) -> 15 | D15: =COUNTIFS(Clean_Data!D:D,A15,Clean_Data!M:M,"Reorder Needed") -> 3 | E15: =COUNTIFS(Clean_Data!D:D,A15,Clean_Data!N:N,"Overstock") -> 5 | G15: 2 | H15: Review low-stock items to prevent stockouts and production delays.
A16: Houston | B16: =SUMIF(Clean_Data!D:D,A16,Clean_Data!L:L) -> 781597.38 | C16: =COUNTIF(Clean_Data!D:D,A16) -> 8 | D16: =COUNTIFS(Clean_Data!D:D,A16,Clean_Data!M:M,"Reorder Needed") -> 1 | E16: =COUNTIFS(Clean_Data!D:D,A16,Clean_Data!N:N,"Overstock") -> 1 | G16: 3 | H16: Review overstock items for excess working capital tied up in inventory.
A17: San Antonio | B17: =SUMIF(Clean_Data!D:D,A17,Clean_Data!L:L) -> 1148723.7 | C17: =COUNTIF(Clean_Data!D:D,A17) -> 15 | D17: =COUNTIFS(Clean_Data!D:D,A17,Clean_Data!M:M,"Reorder Needed") -> 1 | E17: =COUNTIFS(Clean_Data!D:D,A17,Clean_Data!N:N,"Overstock") -> 0 | G17: 4 | H17: Use aging inventory to flag items that may need disposition, recertification, or demand review.

Sheet Data_Dictionary
A1: Data Dictionary
A3: Field | B3: Description | C3: Source / Logic | D3: Business Use
A4: Item_ID | B4: Unique sample inventory item identifier | C4: Raw sample data | D4: Track SKU/item-level inventory
A5: Item_Name | B5: Readable item description | C5: Raw sample data | D5: Business-friendly item lookup
A6: Category | B6: Inventory category | C6: Raw sample data | D6: Category-level reporting
A7: Warehouse | B7: Location carrying the item | C7: Raw sample data | D7: Warehouse reporting and accountability
A8: Quantity_On_Hand | B8: Units currently available | C8: Raw sample data | D8: Stockout and inventory value analysis
A9: Reorder_Point | B9: Minimum desired stock level | C9: Raw sample data | D9: Triggers low-stock review
A10: Max_Stock_Level | B10: Maximum desired stock level | C10: Raw sample data | D10: Identifies overstock risk
A11: Unit_Cost | B11: Cost per unit | C11: Raw sample data | D11: Calculates inventory value
A12: Inventory_Value | B12: Quantity_On_Hand multiplied by Unit_Cost | C12: =E*H | D12: Executive KPI and working-capital analysis
A13: Reorder_Status | B13: Flags item when quantity is at/below reorder point | C13: =IF(Qty<=Reorder_Point,"Reorder Needed","OK") | D13: Stockout prevention
A14: Overstock_Status | B14: Flags item when quantity exceeds max stock level | C14: =IF(Qty>Max_Stock_Level,"Overstock","OK") | D14: Excess inventory reduction
... A16: Risk_Flag | B16: Business-friendly risk label | C16: Low Stock / Overstock / Aging Risk / OK | D16: Dashboard and management action

Sheet Lists
A1: Categories | B1: Warehouses | C1: Suppliers | D1: Reorder Status | E1: Aging Buckets
A2: Electrical | B2: Dallas | C2: AeroFast Supply Co. | D2: OK | E2: 0-30 days
A3: Hydraulic | B3: Fort Worth | C3: Lone Star Industrial | D3: Reorder Needed | E3: 31-60 days
A4: Hardware | B4: Austin | C4: Metro Hardware Group | D4: Overstock | E4: 61-90 days
A5: Chemical | B5: Houston | C5: Vector Components | E5: 90+ days
A6: Avionics | B6: San Antonio | C6: Northline Chemicals
A7: Packaging | C7: Skyway Parts LLC
A8: Tools | C8: Precision Pack & Ship
C9: DFW Tooling Supply
